ID	Accession	Target.gene.symbol	Files	Biosample.accession	Biological.replicate	Technical.replicate
/experiments/ENCSR031RRO/	ENCSR031RRO	NA	/files/ENCFF803FSB/,/files/ENCFF361RLP/,/files/ENCFF043VJU/,/files/ENCFF827KTS/,/files/ENCFF200WXE/,/files/ENCFF569CWO/,/files/ENCFF056FCE/,/files/ENCFF230FOJ/,/files/ENCFF253IWD/,/files/ENCFF108AVC/,/files/ENCFF859GUO/,/files/ENCFF094YMK/,/files/ENCFF567TWJ/,/files/ENCFF849RPY/,/files/ENCFF083QIO/,/files/ENCFF419UWR/,/files/ENCFF784AXU/,/files/ENCFF050CUP/,/files/ENCFF302UBD/,/files/ENCFF534HZX/,/files/ENCFF590XZE/,/files/ENCFF777HTI/,/files/ENCFF519WJE/,/files/ENCFF097VLY/,/files/ENCFF947RLZ/,/files/ENCFF733CZC/,/files/ENCFF272FNP/,/files/ENCFF284XCY/,/files/ENCFF923LBN/,/files/ENCFF006RAG/,/files/ENCFF243UWP/,/files/ENCFF401UMC/,/files/ENCFF144HHG/,/files/ENCFF342RVQ/,/files/ENCFF974ULK/,/files/ENCFF420GNS/,/files/ENCFF803HSJ/,/files/ENCFF665EIC/,/files/ENCFF651DDH/,/files/ENCFF211TYE/,/files/ENCFF148XKW/,/files/ENCFF602HXH/,/files/ENCFF538ODW/,/files/ENCFF435NBC/,/files/ENCFF455GTW/,/files/ENCFF631CPZ/,/files/ENCFF835BNO/,/files/ENCFF840VCF/,/files/ENCFF278POY/,/files/ENCFF256DQQ/,/files/ENCFF974YXC/,/files/ENCFF123IYA/,/files/ENCFF306VXJ/,/files/ENCFF377GFU/,/files/ENCFF233NPT/,/files/ENCFF143ZEX/,/files/ENCFF485ZUM/,/files/ENCFF402MGG/,/files/ENCFF258YJA/,/files/ENCFF513CBO/,/files/ENCFF080YKC/,/files/ENCFF815ZLH/,/files/ENCFF138EDI/,/files/ENCFF061ZBS/,/files/ENCFF972SEZ/,/files/ENCFF863NFY/	ENCBS745CIF,ENCBS140NYG	1,2	1
/experiments/ENCSR771ZZL/	ENCSR771ZZL	NA	/files/ENCFF002BOU/,/files/ENCFF002BOV/,/files/ENCFF002BOW/,/files/ENCFF002BOX/,/files/ENCFF002BOY/,/files/ENCFF002BOZ/,/files/ENCFF002BPA/,/files/ENCFF002BPB/,/files/ENCFF002BTC/,/files/ENCFF002BTD/,/files/ENCFF002CAH/,/files/ENCFF002CAI/,/files/ENCFF002CAJ/,/files/ENCFF002CAK/,/files/ENCFF545JSC/,/files/ENCFF787RIO/,/files/ENCFF912JFF/,/files/ENCFF856VUB/,/files/ENCFF734KGB/,/files/ENCFF733NMR/,/files/ENCFF387KHN/,/files/ENCFF982QSK/,/files/ENCFF480GOV/,/files/ENCFF781LWU/,/files/ENCFF846AFT/,/files/ENCFF546CUV/,/files/ENCFF779ENY/,/files/ENCFF060IRF/,/files/ENCFF338JNQ/,/files/ENCFF368ECH/,/files/ENCFF455FRS/,/files/ENCFF635CHS/,/files/ENCFF020PHZ/,/files/ENCFF369HIS/,/files/ENCFF105AFU/,/files/ENCFF805VEB/,/files/ENCFF322JZV/,/files/ENCFF966OZW/,/files/ENCFF985IUE/,/files/ENCFF395JOH/,/files/ENCFF911WCQ/,/files/ENCFF984IVL/,/files/ENCFF021UGT/,/files/ENCFF179HUX/,/files/ENCFF667UOI/,/files/ENCFF051KKD/,/files/ENCFF057NHL/,/files/ENCFF028MKZ/,/files/ENCFF529GCR/,/files/ENCFF943LBR/,/files/ENCFF029FHI/,/files/ENCFF863JEC/,/files/ENCFF318FCO/,/files/ENCFF004YPQ/,/files/ENCFF667YYK/,/files/ENCFF194KFQ/,/files/ENCFF423YGW/,/files/ENCFF816QMB/,/files/ENCFF196CTX/,/files/ENCFF907YRV/,/files/ENCFF916PLD/,/files/ENCFF798AIP/,/files/ENCFF284RVD/,/files/ENCFF808CTK/,/files/ENCFF846YZP/,/files/ENCFF181PFX/	ENCBS430DZA,ENCBS396WFI	2,1	1
/experiments/ENCSR438MDN/	ENCSR438MDN	NA	/files/ENCFF292YLK/,/files/ENCFF629XES/,/files/ENCFF034YJI/,/files/ENCFF845QQB/,/files/ENCFF088UWN/,/files/ENCFF239MNY/,/files/ENCFF949STA/,/files/ENCFF777DGE/,/files/ENCFF956IUU/,/files/ENCFF961SOT/,/files/ENCFF691GGD/,/files/ENCFF675QXR/,/files/ENCFF787GBA/,/files/ENCFF096JIT/,/files/ENCFF597ZVP/,/files/ENCFF902OXN/,/files/ENCFF219SMN/,/files/ENCFF530NEM/,/files/ENCFF444GVW/,/files/ENCFF506MVA/,/files/ENCFF361PEL/,/files/ENCFF883PLM/,/files/ENCFF918VZY/,/files/ENCFF872VSV/,/files/ENCFF051CXY/,/files/ENCFF084YGC/,/files/ENCFF013LKP/,/files/ENCFF775HZV/,/files/ENCFF073URL/,/files/ENCFF774XTS/,/files/ENCFF174WAL/,/files/ENCFF771OAW/,/files/ENCFF464JBW/,/files/ENCFF939PHJ/,/files/ENCFF591BFL/,/files/ENCFF472FHL/,/files/ENCFF766BTU/,/files/ENCFF737OTU/,/files/ENCFF572IML/,/files/ENCFF677GXO/,/files/ENCFF251TEW/,/files/ENCFF322ZMR/,/files/ENCFF776UNH/,/files/ENCFF355OCY/,/files/ENCFF693VGU/,/files/ENCFF740QDS/,/files/ENCFF229QIJ/,/files/ENCFF437SWV/,/files/ENCFF685HVD/,/files/ENCFF465GFZ/,/files/ENCFF094PAZ/,/files/ENCFF802VNT/,/files/ENCFF699LOO/,/files/ENCFF590XSZ/,/files/ENCFF575CSU/,/files/ENCFF118YSM/,/files/ENCFF731HFC/,/files/ENCFF491IGP/,/files/ENCFF269PLB/,/files/ENCFF415PNE/,/files/ENCFF115KKF/,/files/ENCFF280DJL/,/files/ENCFF973VHI/,/files/ENCFF299HTM/,/files/ENCFF565ENH/,/files/ENCFF591XCW/	ENCBS800RVX,ENCBS530MLH	1,2	1
/experiments/ENCSR774AEQ/	ENCSR774AEQ	NA	/files/ENCFF060SHK/,/files/ENCFF593EMC/,/files/ENCFF108KTH/,/files/ENCFF051YSC/,/files/ENCFF907HZS/,/files/ENCFF659TTG/,/files/ENCFF460BEY/,/files/ENCFF379HVT/,/files/ENCFF362TGC/,/files/ENCFF685JRO/,/files/ENCFF352BWA/,/files/ENCFF443YQR/,/files/ENCFF971TOR/,/files/ENCFF667HUC/,/files/ENCFF478TFU/,/files/ENCFF897UWN/,/files/ENCFF902YCM/,/files/ENCFF483FNC/,/files/ENCFF472FQI/,/files/ENCFF123SER/,/files/ENCFF444AVP/,/files/ENCFF769QRF/	ENCBS922JMC,ENCBS645VVV	1,2	1
/experiments/ENCSR118EFE/	ENCSR118EFE	NA	/files/ENCFF872SLD/,/files/ENCFF766SOB/,/files/ENCFF076BTH/,/files/ENCFF276SQQ/,/files/ENCFF528NYY/,/files/ENCFF355KZZ/,/files/ENCFF949VOM/,/files/ENCFF660UES/,/files/ENCFF343KTM/,/files/ENCFF781GCB/,/files/ENCFF242PYL/,/files/ENCFF014DIB/,/files/ENCFF227XIE/,/files/ENCFF638AAB/,/files/ENCFF227FZS/,/files/ENCFF206GOQ/,/files/ENCFF788HBE/,/files/ENCFF738LXB/,/files/ENCFF999SAF/,/files/ENCFF908CPP/,/files/ENCFF955RLK/,/files/ENCFF302BQF/,/files/ENCFF862XES/,/files/ENCFF005IBG/,/files/ENCFF026SLE/,/files/ENCFF075YFJ/,/files/ENCFF469CVT/,/files/ENCFF954ZEF/,/files/ENCFF149TVA/,/files/ENCFF795VPT/,/files/ENCFF771IOH/,/files/ENCFF658WZI/,/files/ENCFF814LZN/,/files/ENCFF368ZCE/,/files/ENCFF704ZXJ/,/files/ENCFF102OCP/,/files/ENCFF541RWE/,/files/ENCFF568ZNA/,/files/ENCFF856NPQ/,/files/ENCFF024FBM/,/files/ENCFF006LUS/,/files/ENCFF716UFC/,/files/ENCFF199LOX/,/files/ENCFF834QNU/,/files/ENCFF413IDF/,/files/ENCFF891SRW/,/files/ENCFF109ALP/,/files/ENCFF561NCQ/,/files/ENCFF279MBO/,/files/ENCFF369RJP/,/files/ENCFF463ZJZ/,/files/ENCFF544NUM/,/files/ENCFF179FFD/,/files/ENCFF947BYV/,/files/ENCFF085HXL/,/files/ENCFF396WTZ/,/files/ENCFF525RTI/,/files/ENCFF855CNK/,/files/ENCFF498GOT/,/files/ENCFF085LQO/,/files/ENCFF671DXT/,/files/ENCFF744HAK/,/files/ENCFF454VDO/,/files/ENCFF926PLI/,/files/ENCFF333ZSQ/,/files/ENCFF938NFY/	ENCBS975JQF,ENCBS854WQM	1,2	1
/experiments/ENCSR092WKG/	ENCSR092WKG	NA	/files/ENCFF002UOR/,/files/ENCFF508KBY/,/files/ENCFF864TPH/,/files/ENCFF316CCA/,/files/ENCFF871DVA/,/files/ENCFF746YUL/,/files/ENCFF816PNM/,/files/ENCFF690KDS/,/files/ENCFF382MSU/,/files/ENCFF030LDZ/,/files/ENCFF190YCP/,/files/ENCFF411KBV/,/files/ENCFF074WTM/,/files/ENCFF038SUT/,/files/ENCFF277MVN/,/files/ENCFF711JSS/,/files/ENCFF358GBU/,/files/ENCFF046YKO/,/files/ENCFF341RWA/,/files/ENCFF902OMI/,/files/ENCFF240YWP/,/files/ENCFF316RQA/,/files/ENCFF819ZVG/,/files/ENCFF010CNS/,/files/ENCFF155ZJN/,/files/ENCFF601IUN/,/files/ENCFF354PMU/,/files/ENCFF108EKN/,/files/ENCFF079DNC/,/files/ENCFF702YWZ/,/files/ENCFF904PVZ/,/files/ENCFF614YYL/,/files/ENCFF047XVF/,/files/ENCFF836FZH/,/files/ENCFF520TCL/,/files/ENCFF225MRD/,/files/ENCFF455ZYF/,/files/ENCFF331JAP/,/files/ENCFF382VQS/,/files/ENCFF246ZVV/,/files/ENCFF115QML/,/files/ENCFF440EAZ/,/files/ENCFF733IPD/,/files/ENCFF433KXW/,/files/ENCFF835JXL/,/files/ENCFF512RLO/,/files/ENCFF914KGT/,/files/ENCFF866DBE/,/files/ENCFF281DJS/,/files/ENCFF754WTU/,/files/ENCFF892EVK/,/files/ENCFF668QDE/,/files/ENCFF680FLW/,/files/ENCFF917SYF/,/files/ENCFF956ZVM/,/files/ENCFF146IFO/,/files/ENCFF332JSL/,/files/ENCFF082JLG/,/files/ENCFF936NVB/,/files/ENCFF414QXU/,/files/ENCFF756OUJ/,/files/ENCFF047WSR/,/files/ENCFF746NGY/,/files/ENCFF375SEL/,/files/ENCFF442PRX/,/files/ENCFF418PUZ/	ENCBS967BUS,ENCBS177FZX	1,2	1
/experiments/ENCSR655JYC/	ENCSR655JYC	NA	/files/ENCFF784MWI/,/files/ENCFF558PGN/,/files/ENCFF071SDF/,/files/ENCFF477PRG/,/files/ENCFF189HHF/,/files/ENCFF231AOQ/,/files/ENCFF345NJJ/,/files/ENCFF575VDI/,/files/ENCFF334XBP/,/files/ENCFF635NDT/,/files/ENCFF856CLV/,/files/ENCFF558KIA/,/files/ENCFF961DCD/,/files/ENCFF584QHD/,/files/ENCFF374YPP/,/files/ENCFF390BZF/,/files/ENCFF690OVO/,/files/ENCFF179QLC/,/files/ENCFF194QGI/,/files/ENCFF985BWJ/,/files/ENCFF666ZTU/,/files/ENCFF601QLC/	ENCBS479HRC,ENCBS865TCO	1,2	1
/experiments/ENCSR898ABR/	ENCSR898ABR	NA	/files/ENCFF092VHP/,/files/ENCFF794EFW/,/files/ENCFF692VVD/,/files/ENCFF951UDW/,/files/ENCFF619SSA/,/files/ENCFF186DAM/,/files/ENCFF600XFG/,/files/ENCFF652GAC/,/files/ENCFF347YPN/,/files/ENCFF583YZJ/,/files/ENCFF686NYL/,/files/ENCFF835LYH/,/files/ENCFF239ZOT/,/files/ENCFF744BJQ/,/files/ENCFF981OYZ/,/files/ENCFF675GRV/,/files/ENCFF077ITH/,/files/ENCFF207BZW/,/files/ENCFF522RPP/,/files/ENCFF071NNQ/,/files/ENCFF543OPZ/,/files/ENCFF243DCK/	ENCBS405CUM,ENCBS131LFM	1,2	1
/experiments/ENCSR936VPP/	ENCSR936VPP	NA	/files/ENCFF002BMA/,/files/ENCFF002BMB/,/files/ENCFF002BMC/,/files/ENCFF002BMD/,/files/ENCFF002BME/,/files/ENCFF002BMF/,/files/ENCFF002BMG/,/files/ENCFF002BMH/,/files/ENCFF002BSK/,/files/ENCFF002BSL/,/files/ENCFF002BYX/,/files/ENCFF002BYY/,/files/ENCFF002BYZ/,/files/ENCFF002BZA/,/files/ENCFF265XKZ/,/files/ENCFF232AKY/,/files/ENCFF383HES/,/files/ENCFF050CVT/,/files/ENCFF914NDQ/,/files/ENCFF142GEG/,/files/ENCFF241YAW/,/files/ENCFF257SJT/,/files/ENCFF848WON/,/files/ENCFF364BIF/,/files/ENCFF691UOW/,/files/ENCFF702ERW/,/files/ENCFF552RGP/,/files/ENCFF337BGK/,/files/ENCFF112SQH/,/files/ENCFF003GNB/,/files/ENCFF785TPR/,/files/ENCFF525TEN/,/files/ENCFF385RSF/,/files/ENCFF496PLT/,/files/ENCFF869OKF/,/files/ENCFF204JSB/,/files/ENCFF020IZH/,/files/ENCFF546ENB/,/files/ENCFF713LGU/,/files/ENCFF117WSG/,/files/ENCFF148WTV/,/files/ENCFF717JPD/,/files/ENCFF670RZP/,/files/ENCFF851GUC/,/files/ENCFF283AIP/,/files/ENCFF421BFS/,/files/ENCFF179KBC/,/files/ENCFF626ING/,/files/ENCFF108SGE/,/files/ENCFF288SJT/,/files/ENCFF146AIC/,/files/ENCFF476UZM/,/files/ENCFF678KJA/,/files/ENCFF577OVP/,/files/ENCFF481QGZ/,/files/ENCFF462DED/,/files/ENCFF143HGI/,/files/ENCFF799JEW/,/files/ENCFF745ZYV/,/files/ENCFF128MTU/,/files/ENCFF045JCM/,/files/ENCFF256QVU/,/files/ENCFF515ZWE/,/files/ENCFF821UBN/,/files/ENCFF632WBF/,/files/ENCFF539GMY/	ENCBS086JQA,ENCBS031YPZ	1,2	1
/experiments/ENCSR260BQC/	ENCSR260BQC	NA	/files/ENCFF475HIX/,/files/ENCFF687PMR/,/files/ENCFF204IKW/,/files/ENCFF860QVJ/,/files/ENCFF404REP/,/files/ENCFF059NNE/,/files/ENCFF700MGE/,/files/ENCFF204NXW/,/files/ENCFF607DWM/,/files/ENCFF022TRZ/,/files/ENCFF087QNU/,/files/ENCFF404VIA/,/files/ENCFF847TVP/,/files/ENCFF621TTB/,/files/ENCFF402VNC/,/files/ENCFF064SGU/,/files/ENCFF493SCU/,/files/ENCFF412EPG/,/files/ENCFF767DNH/,/files/ENCFF549FYG/,/files/ENCFF416LPZ/,/files/ENCFF649OJK/	ENCBS479HRC,ENCBS865TCO	1,2	1
/experiments/ENCSR344XID/	ENCSR344XID	NA	/files/ENCFF686ZOZ/,/files/ENCFF759IRT/,/files/ENCFF963MPW/,/files/ENCFF799FEY/,/files/ENCFF092XAP/,/files/ENCFF265ZZB/,/files/ENCFF787UKP/,/files/ENCFF040THL/,/files/ENCFF640AVK/,/files/ENCFF357YDY/,/files/ENCFF311VVH/,/files/ENCFF250TSY/,/files/ENCFF082NLD/,/files/ENCFF085JFF/,/files/ENCFF232CRW/,/files/ENCFF615FRB/,/files/ENCFF022HAM/,/files/ENCFF616HGR/,/files/ENCFF343FOK/,/files/ENCFF365GMA/,/files/ENCFF679KGU/,/files/ENCFF784ESR/,/files/ENCFF463JSS/,/files/ENCFF199LGI/,/files/ENCFF812XUV/,/files/ENCFF858CWV/,/files/ENCFF201SIR/,/files/ENCFF306QJE/,/files/ENCFF853DNT/,/files/ENCFF588NPT/,/files/ENCFF255NCJ/,/files/ENCFF600MIF/,/files/ENCFF651UUW/,/files/ENCFF383SGN/,/files/ENCFF661IQV/,/files/ENCFF579JAW/,/files/ENCFF115OOZ/,/files/ENCFF500AGL/,/files/ENCFF040ZLI/,/files/ENCFF767NGP/,/files/ENCFF768WCG/,/files/ENCFF687NLA/,/files/ENCFF585TFX/,/files/ENCFF572MPN/,/files/ENCFF096VMH/,/files/ENCFF455SNL/,/files/ENCFF653WFC/,/files/ENCFF113QWF/,/files/ENCFF164BIU/,/files/ENCFF045MKD/,/files/ENCFF669EEP/,/files/ENCFF043AER/,/files/ENCFF078LXU/,/files/ENCFF902OBM/,/files/ENCFF893THI/,/files/ENCFF253KPR/,/files/ENCFF192DKQ/,/files/ENCFF587PJM/,/files/ENCFF584QWR/,/files/ENCFF622BQK/,/files/ENCFF019DPC/,/files/ENCFF228RFB/,/files/ENCFF866LWU/,/files/ENCFF570YWV/,/files/ENCFF480UVG/,/files/ENCFF244UFC/	ENCBS746YXR,ENCBS366CLP	1,2	1
/experiments/ENCSR619PCR/	ENCSR619PCR	NA	/files/ENCFF556JOB/,/files/ENCFF314QYL/,/files/ENCFF274IFV/,/files/ENCFF474WHB/,/files/ENCFF551NVU/,/files/ENCFF495GHE/,/files/ENCFF071AZO/,/files/ENCFF885GOA/,/files/ENCFF738YLX/,/files/ENCFF590OCK/,/files/ENCFF237SKF/,/files/ENCFF080NID/,/files/ENCFF478JMP/,/files/ENCFF871ZKT/,/files/ENCFF747DFH/,/files/ENCFF395VLE/,/files/ENCFF031TNS/,/files/ENCFF999NZA/,/files/ENCFF846ZFM/,/files/ENCFF933WIC/,/files/ENCFF617ORH/,/files/ENCFF860YEG/,/files/ENCFF236JXB/,/files/ENCFF008LUD/,/files/ENCFF387TGG/,/files/ENCFF219PHK/	ENCBS405CUM,ENCBS131LFM	1,2	1
/experiments/ENCSR572FFX/	ENCSR572FFX	NA	/files/ENCFF691LQW/,/files/ENCFF029QIY/,/files/ENCFF561XEM/,/files/ENCFF464MHZ/,/files/ENCFF023EZN/,/files/ENCFF719PLT/,/files/ENCFF275ZEJ/,/files/ENCFF539VYH/,/files/ENCFF722RVB/,/files/ENCFF569ISZ/,/files/ENCFF030JOF/,/files/ENCFF397ZZV/,/files/ENCFF305OJD/,/files/ENCFF262KHC/,/files/ENCFF429UAG/,/files/ENCFF310XPL/,/files/ENCFF851EUV/,/files/ENCFF301VBU/,/files/ENCFF542SGU/,/files/ENCFF226JPW/,/files/ENCFF594XRO/,/files/ENCFF172JWQ/,/files/ENCFF743XKS/,/files/ENCFF053UXB/,/files/ENCFF120BTG/,/files/ENCFF493QRG/,/files/ENCFF229SZK/,/files/ENCFF595PIT/,/files/ENCFF217ZSJ/,/files/ENCFF863EKL/,/files/ENCFF414TXX/,/files/ENCFF671NCT/,/files/ENCFF035JPJ/,/files/ENCFF363SGB/,/files/ENCFF575HRI/,/files/ENCFF184PCB/,/files/ENCFF448EGA/,/files/ENCFF834WDE/,/files/ENCFF847CCA/,/files/ENCFF459NPU/,/files/ENCFF224BMQ/,/files/ENCFF093AAH/,/files/ENCFF148ERF/,/files/ENCFF568DGW/,/files/ENCFF987OTS/,/files/ENCFF334IRF/,/files/ENCFF802CAV/,/files/ENCFF535SCR/,/files/ENCFF911PEW/,/files/ENCFF083VQL/,/files/ENCFF770IMJ/,/files/ENCFF507LYF/,/files/ENCFF691JCT/,/files/ENCFF937AZX/,/files/ENCFF182PJQ/,/files/ENCFF179BWJ/,/files/ENCFF679WVD/,/files/ENCFF907SXB/,/files/ENCFF919CDD/,/files/ENCFF231HNU/,/files/ENCFF242JEU/,/files/ENCFF184VRA/,/files/ENCFF694IHW/,/files/ENCFF281QEY/,/files/ENCFF397TSP/,/files/ENCFF801OTE/	ENCBS023EVI,ENCBS709TUN	2,1	1
/experiments/ENCSR898NWE/	ENCSR898NWE	NA	/files/ENCFF001ZFI/,/files/ENCFF001ZFJ/,/files/ENCFF001ZFM/,/files/ENCFF001ZFN/,/files/ENCFF001ZFQ/,/files/ENCFF001ZFR/,/files/ENCFF001ZFU/,/files/ENCFF001ZFV/,/files/ENCFF001ZFY/,/files/ENCFF001ZFZ/,/files/ENCFF001ZGA/,/files/ENCFF001ZGB/,/files/ENCFF001ZGG/,/files/ENCFF001ZGH/,/files/ENCFF295XHQ/,/files/ENCFF797ZZO/,/files/ENCFF109GJB/,/files/ENCFF362JKN/,/files/ENCFF072VPT/,/files/ENCFF151RLI/,/files/ENCFF824CSX/,/files/ENCFF351PMG/,/files/ENCFF813OWP/,/files/ENCFF723GNH/,/files/ENCFF782USQ/,/files/ENCFF555BEK/,/files/ENCFF176ISC/,/files/ENCFF740ZRP/,/files/ENCFF439MWM/,/files/ENCFF661QIL/,/files/ENCFF563JCH/,/files/ENCFF655CDM/,/files/ENCFF273NDU/,/files/ENCFF006YXF/,/files/ENCFF690BFR/,/files/ENCFF618THH/,/files/ENCFF216BUS/,/files/ENCFF636TVX/,/files/ENCFF043FCP/,/files/ENCFF753BIB/,/files/ENCFF985RPQ/,/files/ENCFF419TWT/,/files/ENCFF802ITR/,/files/ENCFF405QLO/,/files/ENCFF173NBB/,/files/ENCFF257UJM/,/files/ENCFF647YND/,/files/ENCFF915VOQ/,/files/ENCFF196EHW/,/files/ENCFF290PND/,/files/ENCFF583JDB/,/files/ENCFF117HIA/,/files/ENCFF454KKX/,/files/ENCFF412UAG/,/files/ENCFF486RXJ/,/files/ENCFF842PWO/,/files/ENCFF816LBP/,/files/ENCFF478VSS/,/files/ENCFF138VXP/,/files/ENCFF952QSO/,/files/ENCFF316YFL/,/files/ENCFF448LJQ/,/files/ENCFF155QMM/,/files/ENCFF021NTK/,/files/ENCFF417ONZ/,/files/ENCFF126VEO/	ENCBS322JPK,ENCBS698ZKR	1,2	1
/experiments/ENCSR084SCN/	ENCSR084SCN	NA	/files/ENCFF781HCE/,/files/ENCFF420XPX/,/files/ENCFF861HTL/,/files/ENCFF121QGM/,/files/ENCFF178NNK/,/files/ENCFF098BEA/,/files/ENCFF020LHX/,/files/ENCFF401UQZ/,/files/ENCFF283IIJ/,/files/ENCFF668XGF/,/files/ENCFF827YOL/,/files/ENCFF651MZL/,/files/ENCFF966JPZ/,/files/ENCFF636DCO/,/files/ENCFF284SNG/,/files/ENCFF944AGV/,/files/ENCFF174ESJ/,/files/ENCFF109CNV/,/files/ENCFF315JSP/,/files/ENCFF128XIK/,/files/ENCFF864EPJ/,/files/ENCFF661OOX/,/files/ENCFF651JJW/,/files/ENCFF517TYU/,/files/ENCFF951AKS/,/files/ENCFF448TDK/,/files/ENCFF058RBW/,/files/ENCFF373DVR/,/files/ENCFF715XPH/,/files/ENCFF201BEJ/,/files/ENCFF300DCN/,/files/ENCFF076DNJ/,/files/ENCFF187GFE/,/files/ENCFF048YJT/,/files/ENCFF809EEX/,/files/ENCFF295DIB/,/files/ENCFF185JIF/,/files/ENCFF464MJU/,/files/ENCFF255JNV/,/files/ENCFF871AGP/,/files/ENCFF721OVR/,/files/ENCFF938KPV/,/files/ENCFF089YBE/,/files/ENCFF277FPL/,/files/ENCFF071UNO/,/files/ENCFF162CWQ/,/files/ENCFF391ZUW/,/files/ENCFF102EFN/,/files/ENCFF272VCK/,/files/ENCFF614HUP/,/files/ENCFF636FCJ/,/files/ENCFF624CVF/,/files/ENCFF936ZIY/,/files/ENCFF201QMO/,/files/ENCFF489XVS/,/files/ENCFF839YQW/,/files/ENCFF718YRC/,/files/ENCFF585WBP/,/files/ENCFF044UTY/,/files/ENCFF090GRN/,/files/ENCFF300EYQ/,/files/ENCFF244EVX/,/files/ENCFF766NTN/,/files/ENCFF495RLF/,/files/ENCFF712XYW/,/files/ENCFF049RNQ/	ENCBS418OCT,ENCBS252OWV	1,2	1
/experiments/ENCSR174OYC/	ENCSR174OYC	NA	/files/ENCFF361BPK/,/files/ENCFF605WBD/,/files/ENCFF508COB/,/files/ENCFF826EEI/,/files/ENCFF803MMD/,/files/ENCFF351XSJ/,/files/ENCFF934KOV/,/files/ENCFF092ZXJ/,/files/ENCFF768UGL/,/files/ENCFF377IPQ/,/files/ENCFF024HQE/,/files/ENCFF448QHI/,/files/ENCFF862NDH/,/files/ENCFF365TWW/,/files/ENCFF108LMW/,/files/ENCFF490DNG/,/files/ENCFF444MWS/,/files/ENCFF245UCB/,/files/ENCFF926DNC/,/files/ENCFF730WGP/,/files/ENCFF862JRP/,/files/ENCFF902UHG/,/files/ENCFF864CYK/,/files/ENCFF641OWS/,/files/ENCFF074QTM/,/files/ENCFF319ILG/,/files/ENCFF046OMI/,/files/ENCFF042EZE/,/files/ENCFF996MKP/,/files/ENCFF494DGH/,/files/ENCFF063FOC/,/files/ENCFF203TEQ/,/files/ENCFF412PVX/,/files/ENCFF290BJB/,/files/ENCFF632KUB/,/files/ENCFF735JRU/,/files/ENCFF791DES/,/files/ENCFF366VLE/,/files/ENCFF347OGR/,/files/ENCFF263JLX/,/files/ENCFF444ZHG/,/files/ENCFF607JNT/,/files/ENCFF842QUR/,/files/ENCFF714UWL/,/files/ENCFF284NAH/,/files/ENCFF258DHE/,/files/ENCFF510WOF/,/files/ENCFF046KUI/,/files/ENCFF682CGN/,/files/ENCFF994NZR/,/files/ENCFF055IEE/,/files/ENCFF653HXA/,/files/ENCFF823LBA/,/files/ENCFF869LXL/,/files/ENCFF901OAA/,/files/ENCFF691JWU/,/files/ENCFF496YBF/,/files/ENCFF782HCG/,/files/ENCFF536VTQ/,/files/ENCFF042XTY/,/files/ENCFF573AEW/,/files/ENCFF410VSI/,/files/ENCFF629SOF/,/files/ENCFF521COU/,/files/ENCFF310TYD/,/files/ENCFF214FBA/	ENCBS645VVV,ENCBS922JMC	2,1	1
/experiments/ENCSR324WIS/	ENCSR324WIS	NA	/files/ENCFF482KJP/,/files/ENCFF293NMQ/,/files/ENCFF518BUH/,/files/ENCFF399APQ/,/files/ENCFF534KMT/,/files/ENCFF341KMM/,/files/ENCFF323QIA/,/files/ENCFF602YMR/,/files/ENCFF398IZE/,/files/ENCFF343UHK/,/files/ENCFF321XJW/,/files/ENCFF916WYG/,/files/ENCFF963DUE/,/files/ENCFF590LGK/,/files/ENCFF058KYW/,/files/ENCFF795YFQ/,/files/ENCFF392PRG/,/files/ENCFF148TIQ/,/files/ENCFF378WCG/,/files/ENCFF430UBF/,/files/ENCFF464HHK/,/files/ENCFF350NCQ/,/files/ENCFF091GAY/,/files/ENCFF484ODF/,/files/ENCFF668KPB/,/files/ENCFF943DFK/,/files/ENCFF483DRU/,/files/ENCFF156RHE/,/files/ENCFF512WXL/,/files/ENCFF932YOW/,/files/ENCFF204ZMU/,/files/ENCFF922RPV/,/files/ENCFF803GTP/,/files/ENCFF250DYF/,/files/ENCFF826ZYT/,/files/ENCFF139UML/,/files/ENCFF057IDM/,/files/ENCFF176RWG/,/files/ENCFF202ESD/,/files/ENCFF124BCK/,/files/ENCFF785LWQ/,/files/ENCFF889CJK/,/files/ENCFF870ZYS/,/files/ENCFF004PDB/,/files/ENCFF012VKD/,/files/ENCFF796UIT/,/files/ENCFF243JCY/,/files/ENCFF343NRP/,/files/ENCFF813KBD/,/files/ENCFF174MNI/,/files/ENCFF251UDN/,/files/ENCFF175XAM/,/files/ENCFF814AOX/,/files/ENCFF132OJW/,/files/ENCFF136CSS/,/files/ENCFF374IEQ/,/files/ENCFF388NKR/,/files/ENCFF489WXQ/,/files/ENCFF101AKF/,/files/ENCFF133OZW/,/files/ENCFF088UFF/,/files/ENCFF254IJT/,/files/ENCFF241OVM/,/files/ENCFF739RSK/,/files/ENCFF200XDQ/,/files/ENCFF419OMM/	ENCBS131LFM,ENCBS405CUM	2,1	1
/experiments/ENCSR024FOF/	ENCSR024FOF	NA	/files/ENCFF783QUA/,/files/ENCFF689SMR/,/files/ENCFF608ODT/,/files/ENCFF439VYF/,/files/ENCFF337HON/,/files/ENCFF289AUW/,/files/ENCFF015MCD/,/files/ENCFF186JTH/,/files/ENCFF320WKA/,/files/ENCFF630GLI/,/files/ENCFF530HYC/,/files/ENCFF174XXK/,/files/ENCFF742YGQ/,/files/ENCFF906JXB/,/files/ENCFF894EOF/,/files/ENCFF167ALQ/,/files/ENCFF076OKU/,/files/ENCFF665NFX/,/files/ENCFF558FVO/,/files/ENCFF526EHG/,/files/ENCFF587RCX/,/files/ENCFF196UTD/,/files/ENCFF496RQR/,/files/ENCFF273TZD/,/files/ENCFF864DDO/,/files/ENCFF291XZD/,/files/ENCFF210SXU/,/files/ENCFF816TVN/,/files/ENCFF558YYA/,/files/ENCFF027QQM/,/files/ENCFF432DYU/,/files/ENCFF306HNI/,/files/ENCFF942SFC/,/files/ENCFF282POJ/,/files/ENCFF019DDE/,/files/ENCFF352IGK/,/files/ENCFF619CWZ/,/files/ENCFF616YIV/,/files/ENCFF144VKE/,/files/ENCFF631KWQ/,/files/ENCFF944ISJ/,/files/ENCFF828UHS/,/files/ENCFF378OYV/,/files/ENCFF198IIE/,/files/ENCFF463BAW/,/files/ENCFF245OBU/,/files/ENCFF011XQK/,/files/ENCFF452CVR/,/files/ENCFF140KLN/,/files/ENCFF930NLA/,/files/ENCFF650PZU/,/files/ENCFF017KHC/,/files/ENCFF628UKA/,/files/ENCFF753AQU/,/files/ENCFF020ICE/,/files/ENCFF763AKQ/,/files/ENCFF849QFD/,/files/ENCFF610PAE/,/files/ENCFF186VSF/,/files/ENCFF055RAU/,/files/ENCFF145FDR/,/files/ENCFF132KDI/,/files/ENCFF055GGL/,/files/ENCFF909KDX/,/files/ENCFF774WYR/,/files/ENCFF609AWT/	ENCBS865TCO,ENCBS479HRC	2,1	1
/experiments/ENCSR718EWL/	ENCSR718EWL	NA	/files/ENCFF409FXM/,/files/ENCFF113MXN/,/files/ENCFF357AKH/,/files/ENCFF698ZGA/,/files/ENCFF609DHP/,/files/ENCFF713RDR/,/files/ENCFF995IVQ/,/files/ENCFF727SJC/,/files/ENCFF676YQL/,/files/ENCFF876TYL/,/files/ENCFF047XXE/,/files/ENCFF339KVU/,/files/ENCFF811UUL/,/files/ENCFF326FJX/,/files/ENCFF478ZCG/,/files/ENCFF684YUJ/,/files/ENCFF153FJB/,/files/ENCFF558CGR/,/files/ENCFF036HSQ/,/files/ENCFF703FRL/,/files/ENCFF223RSI/,/files/ENCFF682YFQ/,/files/ENCFF328JRU/,/files/ENCFF176HWT/,/files/ENCFF310OHO/,/files/ENCFF161KZV/,/files/ENCFF743GZQ/,/files/ENCFF356JOV/,/files/ENCFF186ERV/,/files/ENCFF639YJK/,/files/ENCFF979MAT/,/files/ENCFF526LWQ/,/files/ENCFF072YKX/,/files/ENCFF637YHY/,/files/ENCFF183DSU/,/files/ENCFF232TUU/,/files/ENCFF248RNX/,/files/ENCFF602QRO/,/files/ENCFF886MZT/,/files/ENCFF060SQY/,/files/ENCFF496PQS/,/files/ENCFF908CYQ/,/files/ENCFF025ZUI/,/files/ENCFF830YBE/,/files/ENCFF176VLB/,/files/ENCFF953BTD/,/files/ENCFF718KIM/,/files/ENCFF150LVD/,/files/ENCFF999OFR/,/files/ENCFF256IUA/,/files/ENCFF971OQY/,/files/ENCFF184PBF/,/files/ENCFF824KJT/,/files/ENCFF943ICV/,/files/ENCFF079NIV/,/files/ENCFF903AVO/,/files/ENCFF674NCB/,/files/ENCFF310FAW/,/files/ENCFF332OQX/,/files/ENCFF038ILT/,/files/ENCFF699ZGX/,/files/ENCFF804AZA/,/files/ENCFF266DWI/,/files/ENCFF807KRO/,/files/ENCFF004ZOV/,/files/ENCFF402BMV/	ENCBS479HRC,ENCBS865TCO	1,2	1
/experiments/ENCSR661HEL/	ENCSR661HEL	NA	/files/ENCFF454RKS/,/files/ENCFF539FEL/,/files/ENCFF276RDY/,/files/ENCFF224TRL/,/files/ENCFF362TIW/,/files/ENCFF742XEQ/,/files/ENCFF602ACP/,/files/ENCFF514HPI/,/files/ENCFF533LZD/,/files/ENCFF078CHU/,/files/ENCFF585PQS/,/files/ENCFF354SMM/,/files/ENCFF255FBH/,/files/ENCFF270ZNJ/,/files/ENCFF749JML/,/files/ENCFF841MME/,/files/ENCFF363RVG/,/files/ENCFF944CDM/,/files/ENCFF303GPK/,/files/ENCFF791VMK/,/files/ENCFF724YBQ/,/files/ENCFF150CJJ/,/files/ENCFF463SYK/,/files/ENCFF915BYH/,/files/ENCFF360OFU/,/files/ENCFF419CDX/,/files/ENCFF269IZJ/,/files/ENCFF746UQW/,/files/ENCFF708VXO/,/files/ENCFF022YYD/,/files/ENCFF847CPB/,/files/ENCFF901XUH/,/files/ENCFF539BFE/,/files/ENCFF401SSB/,/files/ENCFF674CZM/,/files/ENCFF028SSX/,/files/ENCFF912ATD/,/files/ENCFF469QQQ/,/files/ENCFF982PUC/,/files/ENCFF605ZSS/,/files/ENCFF820OVC/,/files/ENCFF822KTN/,/files/ENCFF444CIC/,/files/ENCFF146GUT/,/files/ENCFF509XCU/,/files/ENCFF597RBB/,/files/ENCFF618ORF/,/files/ENCFF794JGQ/,/files/ENCFF472PCY/,/files/ENCFF783UYI/,/files/ENCFF311TMC/,/files/ENCFF124BQH/,/files/ENCFF833RZD/,/files/ENCFF699QUY/,/files/ENCFF927FWX/,/files/ENCFF722WGP/,/files/ENCFF595RFT/,/files/ENCFF901KZQ/,/files/ENCFF911LMC/,/files/ENCFF655QPU/,/files/ENCFF784MCE/,/files/ENCFF772GWB/,/files/ENCFF724MLV/,/files/ENCFF137HPM/,/files/ENCFF713PEV/,/files/ENCFF586CKC/	ENCBS661YYO,ENCBS250HLF	1,2	1
/experiments/ENCSR815CVQ/	ENCSR815CVQ	NA	/files/ENCFF339ZUH/,/files/ENCFF312ANF/,/files/ENCFF124WIZ/,/files/ENCFF292HLM/,/files/ENCFF985IXD/,/files/ENCFF461TSD/,/files/ENCFF432AHM/,/files/ENCFF150UQN/,/files/ENCFF516XCB/,/files/ENCFF082ODD/,/files/ENCFF138DJI/,/files/ENCFF201XBV/,/files/ENCFF644SIW/,/files/ENCFF576PKZ/,/files/ENCFF761ZTW/,/files/ENCFF302IOS/,/files/ENCFF065JUP/,/files/ENCFF172HCG/,/files/ENCFF555FVO/,/files/ENCFF565RVL/,/files/ENCFF569GEE/,/files/ENCFF312FJX/,/files/ENCFF393TSX/,/files/ENCFF921SOJ/,/files/ENCFF662KLY/,/files/ENCFF177CJI/,/files/ENCFF356UJZ/,/files/ENCFF859ZJB/,/files/ENCFF053QIJ/,/files/ENCFF395YQV/,/files/ENCFF719NOF/,/files/ENCFF959DUA/,/files/ENCFF661WAD/,/files/ENCFF911TST/,/files/ENCFF607GDH/,/files/ENCFF532OOC/,/files/ENCFF098AIT/,/files/ENCFF704EST/,/files/ENCFF504GSG/,/files/ENCFF370ZEB/,/files/ENCFF440DVY/,/files/ENCFF483VBH/,/files/ENCFF339UJZ/,/files/ENCFF236YBI/,/files/ENCFF178BZY/,/files/ENCFF200EEM/,/files/ENCFF064BPD/,/files/ENCFF449VZP/,/files/ENCFF081BHW/,/files/ENCFF169TMA/,/files/ENCFF848ICK/,/files/ENCFF839SZZ/,/files/ENCFF161EYD/,/files/ENCFF530ICR/,/files/ENCFF778GFF/,/files/ENCFF136LVP/,/files/ENCFF053KBL/,/files/ENCFF779MFF/,/files/ENCFF789XXA/,/files/ENCFF679UOI/,/files/ENCFF998PAW/,/files/ENCFF018EJB/,/files/ENCFF138SHT/,/files/ENCFF643MHY/,/files/ENCFF961UXZ/,/files/ENCFF301GSZ/	ENCBS170ZQG,ENCBS393YUA	2,1	1
/experiments/ENCSR081EST/	ENCSR081EST	NA	/files/ENCFF002BPC/,/files/ENCFF002BPD/,/files/ENCFF002BPE/,/files/ENCFF002BPF/,/files/ENCFF002BPG/,/files/ENCFF002BPH/,/files/ENCFF002BPI/,/files/ENCFF002BPJ/,/files/ENCFF002BTE/,/files/ENCFF002BTF/,/files/ENCFF002CAL/,/files/ENCFF002CAM/,/files/ENCFF002CAN/,/files/ENCFF002CAO/,/files/ENCFF491CXQ/,/files/ENCFF905RFM/,/files/ENCFF101DUJ/,/files/ENCFF264DGQ/,/files/ENCFF272EJU/,/files/ENCFF735QVK/,/files/ENCFF984YYX/,/files/ENCFF454ROO/,/files/ENCFF670ECX/,/files/ENCFF826IPX/,/files/ENCFF509ONR/,/files/ENCFF123LYI/,/files/ENCFF120UQU/,/files/ENCFF365JJQ/,/files/ENCFF224TBZ/,/files/ENCFF885DZH/,/files/ENCFF686SFY/,/files/ENCFF066RWQ/,/files/ENCFF310ABN/,/files/ENCFF766DOO/,/files/ENCFF977KDO/,/files/ENCFF802XCF/,/files/ENCFF356DNI/,/files/ENCFF605IZO/,/files/ENCFF166VTS/,/files/ENCFF942SOA/,/files/ENCFF646HDR/,/files/ENCFF718UYW/,/files/ENCFF499JQK/,/files/ENCFF588EYR/,/files/ENCFF402HEP/,/files/ENCFF188JXX/,/files/ENCFF545UMI/,/files/ENCFF868NVU/,/files/ENCFF016GBR/,/files/ENCFF936YQM/,/files/ENCFF958HCI/,/files/ENCFF760UAE/,/files/ENCFF595OBA/,/files/ENCFF868BMB/,/files/ENCFF875YGK/,/files/ENCFF876YYT/,/files/ENCFF260IEF/,/files/ENCFF069NDC/,/files/ENCFF498OQF/,/files/ENCFF753DBK/,/files/ENCFF753DDO/,/files/ENCFF408YOR/,/files/ENCFF290YBH/,/files/ENCFF930GTD/,/files/ENCFF217RQE/,/files/ENCFF266FKJ/	ENCBS092VTJ,ENCBS184UCR	2,1	1
/experiments/ENCSR913CAE/	ENCSR913CAE	NA	/files/ENCFF017WXT/,/files/ENCFF309OOI/,/files/ENCFF767CVZ/,/files/ENCFF791XKE/,/files/ENCFF510GOL/,/files/ENCFF209PLP/,/files/ENCFF808POR/,/files/ENCFF259JHK/,/files/ENCFF484VZY/,/files/ENCFF053DTC/,/files/ENCFF461JXT/,/files/ENCFF101YIJ/,/files/ENCFF880QFB/,/files/ENCFF410BQT/,/files/ENCFF535BFZ/,/files/ENCFF125LSC/,/files/ENCFF195CCT/,/files/ENCFF155WIS/,/files/ENCFF209WRF/,/files/ENCFF123TLC/,/files/ENCFF800MRL/,/files/ENCFF720OKF/,/files/ENCFF099ELC/,/files/ENCFF054KQJ/,/files/ENCFF451VCI/,/files/ENCFF621OHM/,/files/ENCFF957JFM/,/files/ENCFF722ZPW/,/files/ENCFF317FPR/,/files/ENCFF519EZP/,/files/ENCFF258RJQ/,/files/ENCFF618YFS/,/files/ENCFF674VOE/,/files/ENCFF031EMG/,/files/ENCFF795VNG/,/files/ENCFF547WMX/,/files/ENCFF818KUW/,/files/ENCFF808NND/,/files/ENCFF895SDN/,/files/ENCFF339PZW/,/files/ENCFF366BYZ/,/files/ENCFF527DGH/,/files/ENCFF043RHW/,/files/ENCFF164QRQ/,/files/ENCFF708SZB/,/files/ENCFF638IKV/,/files/ENCFF867KTN/,/files/ENCFF046XZN/,/files/ENCFF121LZF/,/files/ENCFF556NPQ/,/files/ENCFF822PQU/,/files/ENCFF055NMQ/,/files/ENCFF689VEX/,/files/ENCFF598ZGR/,/files/ENCFF392TBN/,/files/ENCFF380ZJK/,/files/ENCFF953XDH/,/files/ENCFF653RHL/,/files/ENCFF657IJB/,/files/ENCFF584SGF/,/files/ENCFF045DWF/,/files/ENCFF664UCL/,/files/ENCFF428PGF/,/files/ENCFF738SGB/,/files/ENCFF605PSE/,/files/ENCFF088IUF/	ENCBS746YXR,ENCBS366CLP	1,2	1
/experiments/ENCSR424QCW/	ENCSR424QCW	NA	/files/ENCFF791HTS/,/files/ENCFF078MXU/,/files/ENCFF656RXL/,/files/ENCFF691MJX/,/files/ENCFF847DQL/,/files/ENCFF523LXJ/,/files/ENCFF690TDN/,/files/ENCFF308UBH/,/files/ENCFF756YCT/,/files/ENCFF080MYM/,/files/ENCFF627DHL/,/files/ENCFF772EGW/,/files/ENCFF726EST/,/files/ENCFF584EWV/,/files/ENCFF446DPL/,/files/ENCFF104TWW/,/files/ENCFF898XOW/,/files/ENCFF450SHB/,/files/ENCFF264WGS/,/files/ENCFF039KFB/,/files/ENCFF518DHI/,/files/ENCFF104RZA/,/files/ENCFF629KIA/,/files/ENCFF491GJV/,/files/ENCFF529TIM/,/files/ENCFF318FEP/,/files/ENCFF361KUQ/,/files/ENCFF854SYZ/,/files/ENCFF204IUL/,/files/ENCFF421TMB/,/files/ENCFF195MYF/,/files/ENCFF134PKR/,/files/ENCFF151BPC/,/files/ENCFF605LHS/,/files/ENCFF992RPY/,/files/ENCFF169JET/,/files/ENCFF881OLP/,/files/ENCFF739AIP/,/files/ENCFF105BFT/,/files/ENCFF041CFW/,/files/ENCFF229SFH/,/files/ENCFF286WFP/,/files/ENCFF724JFX/,/files/ENCFF006BXK/,/files/ENCFF314YEX/,/files/ENCFF412QSZ/,/files/ENCFF064ABJ/,/files/ENCFF412FZS/,/files/ENCFF828RUV/,/files/ENCFF088HGJ/,/files/ENCFF907AVE/,/files/ENCFF713ONU/,/files/ENCFF006QUW/,/files/ENCFF824FEG/,/files/ENCFF616IWP/,/files/ENCFF605DLV/,/files/ENCFF328BCN/,/files/ENCFF920ENL/,/files/ENCFF742HXX/,/files/ENCFF726AVK/,/files/ENCFF088NLG/,/files/ENCFF768OZJ/,/files/ENCFF155KQK/,/files/ENCFF530DYS/,/files/ENCFF945TIU/,/files/ENCFF028IUT/	ENCBS131LFM,ENCBS405CUM	2,1	1
/experiments/ENCSR372DZW/	ENCSR372DZW	NA	/files/ENCFF002BLC/,/files/ENCFF002BLD/,/files/ENCFF002BLE/,/files/ENCFF002BLF/,/files/ENCFF002BLG/,/files/ENCFF002BLH/,/files/ENCFF002BLI/,/files/ENCFF002BLJ/,/files/ENCFF002BQV/,/files/ENCFF002BSF/,/files/ENCFF002BTY/,/files/ENCFF002BTZ/,/files/ENCFF002BUA/,/files/ENCFF002BUB/,/files/ENCFF002BUC/,/files/ENCFF002BUD/,/files/ENCFF002BUE/,/files/ENCFF002BUF/,/files/ENCFF215EWC/,/files/ENCFF616WEL/,/files/ENCFF716VTP/,/files/ENCFF250PUJ/,/files/ENCFF535AMB/,/files/ENCFF839NRX/,/files/ENCFF539MUY/,/files/ENCFF767SSE/,/files/ENCFF777VPR/,/files/ENCFF027ACK/,/files/ENCFF204SAV/,/files/ENCFF977DEC/,/files/ENCFF811TQH/,/files/ENCFF363JQD/,/files/ENCFF090QSS/,/files/ENCFF197DIH/,/files/ENCFF450DZV/,/files/ENCFF839GUV/,/files/ENCFF085ZCQ/,/files/ENCFF692AVP/,/files/ENCFF139DWO/,/files/ENCFF961XRE/,/files/ENCFF306PUW/,/files/ENCFF663ZLL/,/files/ENCFF598TCV/,/files/ENCFF605DHP/,/files/ENCFF203TLJ/,/files/ENCFF426YRG/,/files/ENCFF379WZW/,/files/ENCFF049ETJ/,/files/ENCFF183QOY/,/files/ENCFF390FCJ/,/files/ENCFF523VZP/,/files/ENCFF442ZDE/,/files/ENCFF563AQA/,/files/ENCFF768JYR/,/files/ENCFF118EPS/,/files/ENCFF471AUA/,/files/ENCFF137AXF/,/files/ENCFF068WON/,/files/ENCFF061MGO/,/files/ENCFF972FVP/,/files/ENCFF568DBJ/,/files/ENCFF717MME/,/files/ENCFF720YEK/,/files/ENCFF226KCK/,/files/ENCFF894HGJ/,/files/ENCFF127QPD/,/files/ENCFF558TRU/,/files/ENCFF119KPJ/,/files/ENCFF050NSL/,/files/ENCFF228YLG/	ENCBS023XVB,ENCBS211WEE	2,1	1
/experiments/ENCSR942UNX/	ENCSR942UNX	NA	/files/ENCFF002BQA/,/files/ENCFF002BQB/,/files/ENCFF002BQC/,/files/ENCFF002BQD/,/files/ENCFF002BQE/,/files/ENCFF002BQF/,/files/ENCFF002BQG/,/files/ENCFF002BQH/,/files/ENCFF002BTK/,/files/ENCFF002BTL/,/files/ENCFF002CAX/,/files/ENCFF002CAY/,/files/ENCFF002CAZ/,/files/ENCFF002CBA/,/files/ENCFF448NKC/,/files/ENCFF319HSZ/,/files/ENCFF453UBL/,/files/ENCFF572PAS/,/files/ENCFF530BTT/,/files/ENCFF534USM/,/files/ENCFF850XLL/,/files/ENCFF476MAM/,/files/ENCFF030RNL/,/files/ENCFF677ZUI/,/files/ENCFF196OMQ/,/files/ENCFF365PZT/,/files/ENCFF231FQN/,/files/ENCFF183AUO/,/files/ENCFF205PYU/,/files/ENCFF302FWW/,/files/ENCFF519WAX/,/files/ENCFF432UYE/,/files/ENCFF265OXP/,/files/ENCFF557UDI/,/files/ENCFF415OBI/,/files/ENCFF162CXR/,/files/ENCFF162PAP/,/files/ENCFF643ORX/,/files/ENCFF490OIH/,/files/ENCFF211TIB/,/files/ENCFF860KNA/,/files/ENCFF431IZF/,/files/ENCFF889RXT/,/files/ENCFF293SHL/,/files/ENCFF862IRU/,/files/ENCFF752NNP/,/files/ENCFF602SBE/,/files/ENCFF521JYU/,/files/ENCFF932YRO/,/files/ENCFF084BEB/,/files/ENCFF086SXC/,/files/ENCFF436XYH/,/files/ENCFF043POU/,/files/ENCFF652TWL/,/files/ENCFF627TLM/,/files/ENCFF948GFV/,/files/ENCFF497EAG/,/files/ENCFF847XTS/,/files/ENCFF244GAV/,/files/ENCFF258AAW/,/files/ENCFF617ZTW/,/files/ENCFF514VKX/,/files/ENCFF552ETN/,/files/ENCFF736JJE/,/files/ENCFF368PTE/,/files/ENCFF227DUV/	ENCBS020IUG,ENCBS023DBL	2,1	1
/experiments/ENCSR164MUK/	ENCSR164MUK	NA	/files/ENCFF326WTJ/,/files/ENCFF273KVQ/,/files/ENCFF767QZM/,/files/ENCFF751LOM/,/files/ENCFF669VSB/,/files/ENCFF490QNF/,/files/ENCFF073DLA/,/files/ENCFF475XIW/,/files/ENCFF336UQR/,/files/ENCFF415GAI/,/files/ENCFF623NPE/,/files/ENCFF606ZQB/,/files/ENCFF095GXT/,/files/ENCFF428BRK/,/files/ENCFF046NFF/,/files/ENCFF384QBC/,/files/ENCFF514NPO/,/files/ENCFF393WNP/,/files/ENCFF964NLY/,/files/ENCFF257WCB/,/files/ENCFF857XHJ/,/files/ENCFF134PVM/,/files/ENCFF575LQT/,/files/ENCFF824XIH/,/files/ENCFF750STL/,/files/ENCFF979XJR/,/files/ENCFF806RUI/,/files/ENCFF983WDB/,/files/ENCFF020DXM/,/files/ENCFF319KVL/,/files/ENCFF901PWU/,/files/ENCFF359FKE/,/files/ENCFF435PWC/,/files/ENCFF995UND/,/files/ENCFF769GMB/,/files/ENCFF407RFH/,/files/ENCFF670CPU/,/files/ENCFF901ARF/,/files/ENCFF479IZE/,/files/ENCFF026ESK/,/files/ENCFF239ZDK/,/files/ENCFF742DFR/,/files/ENCFF833NWL/,/files/ENCFF617DME/,/files/ENCFF339ODM/,/files/ENCFF310ECT/,/files/ENCFF386MGX/,/files/ENCFF644QYB/,/files/ENCFF678RIP/,/files/ENCFF924LUB/,/files/ENCFF721YDQ/,/files/ENCFF331HQA/,/files/ENCFF471LQQ/,/files/ENCFF408CQX/,/files/ENCFF806ISY/,/files/ENCFF767FAB/,/files/ENCFF680BHR/,/files/ENCFF007SNI/,/files/ENCFF401EBB/,/files/ENCFF057LVS/,/files/ENCFF329CNT/,/files/ENCFF226PRZ/,/files/ENCFF402NWA/,/files/ENCFF627OPW/,/files/ENCFF248BGZ/,/files/ENCFF390VLO/	ENCBS136ZNW,ENCBS221YFO	1,2	1
/experiments/ENCSR620PUP/	ENCSR620PUP	NA	/files/ENCFF075HNS/,/files/ENCFF548VUD/,/files/ENCFF818RDZ/,/files/ENCFF072QOL/,/files/ENCFF341FFK/,/files/ENCFF974ICA/,/files/ENCFF256JTT/,/files/ENCFF636LTE/,/files/ENCFF052KLK/,/files/ENCFF623OYA/,/files/ENCFF289BJT/,/files/ENCFF982YWD/,/files/ENCFF912JKK/,/files/ENCFF113GSP/,/files/ENCFF365OSJ/,/files/ENCFF840UWV/,/files/ENCFF963PVJ/,/files/ENCFF505DDQ/,/files/ENCFF017CPT/,/files/ENCFF736OLO/,/files/ENCFF210TQX/,/files/ENCFF349DCK/,/files/ENCFF145AOC/,/files/ENCFF034QOB/,/files/ENCFF345DRD/,/files/ENCFF383ORT/,/files/ENCFF171TGT/,/files/ENCFF836SOP/,/files/ENCFF524KZE/,/files/ENCFF732KWT/,/files/ENCFF610OQR/,/files/ENCFF382OIL/,/files/ENCFF042QBY/,/files/ENCFF906VTC/,/files/ENCFF386LNA/,/files/ENCFF225NUT/,/files/ENCFF678GGM/,/files/ENCFF447PYP/,/files/ENCFF046HWQ/,/files/ENCFF420HNT/,/files/ENCFF196DRD/,/files/ENCFF774WNN/,/files/ENCFF086TWL/,/files/ENCFF242MKU/,/files/ENCFF232KSW/,/files/ENCFF624PFP/,/files/ENCFF535ANE/,/files/ENCFF608OTJ/,/files/ENCFF519ETR/,/files/ENCFF892SNN/,/files/ENCFF665OLB/,/files/ENCFF598JAR/,/files/ENCFF615KJS/,/files/ENCFF302MAR/,/files/ENCFF550DEE/,/files/ENCFF199XPS/,/files/ENCFF912YHY/,/files/ENCFF639JAQ/,/files/ENCFF906SZV/,/files/ENCFF120OWZ/,/files/ENCFF608UHK/,/files/ENCFF841AXV/,/files/ENCFF504ZIF/,/files/ENCFF608JAL/,/files/ENCFF834UXF/,/files/ENCFF885PAA/	ENCBS217DFO,ENCBS262OLW	2,1	1
/experiments/ENCSR245BNJ/	ENCSR245BNJ	NA	/files/ENCFF551UKL/,/files/ENCFF064AYS/,/files/ENCFF769DTH/,/files/ENCFF312EMW/,/files/ENCFF584WAF/,/files/ENCFF674JPQ/,/files/ENCFF859IDI/,/files/ENCFF292ZCS/,/files/ENCFF411KCO/,/files/ENCFF965KYG/,/files/ENCFF539XVI/,/files/ENCFF732OXG/,/files/ENCFF394CBR/,/files/ENCFF127VWN/,/files/ENCFF723ZLR/,/files/ENCFF970ZPS/,/files/ENCFF330HOS/,/files/ENCFF766UQQ/,/files/ENCFF407SGW/,/files/ENCFF217RGO/,/files/ENCFF444TRJ/,/files/ENCFF181JCN/,/files/ENCFF628FHM/,/files/ENCFF860BXC/,/files/ENCFF190UJU/,/files/ENCFF296WVQ/,/files/ENCFF531IMH/,/files/ENCFF737VON/,/files/ENCFF270WCT/,/files/ENCFF169NSV/,/files/ENCFF400ALT/,/files/ENCFF052NKV/,/files/ENCFF485AZD/,/files/ENCFF272UHX/,/files/ENCFF130EVH/,/files/ENCFF961YVV/,/files/ENCFF243ICF/,/files/ENCFF117OHW/,/files/ENCFF974XIU/,/files/ENCFF837ALQ/,/files/ENCFF233QSF/,/files/ENCFF542VSZ/,/files/ENCFF312HLL/,/files/ENCFF362BHT/,/files/ENCFF843DAP/,/files/ENCFF288XCG/,/files/ENCFF768YMX/,/files/ENCFF218DSS/,/files/ENCFF567GIU/,/files/ENCFF155KOC/,/files/ENCFF450FYO/,/files/ENCFF626DCW/,/files/ENCFF507BXE/,/files/ENCFF564BEJ/,/files/ENCFF214VCT/,/files/ENCFF147HRG/,/files/ENCFF389DAB/,/files/ENCFF027TOH/,/files/ENCFF308ITK/,/files/ENCFF377MFT/,/files/ENCFF159HVD/,/files/ENCFF230GCX/,/files/ENCFF785OVF/,/files/ENCFF087MYH/,/files/ENCFF951EKJ/,/files/ENCFF425TVF/	ENCBS250HLF,ENCBS661YYO	2,1	1
/experiments/ENCSR154OBA/	ENCSR154OBA	NA	/files/ENCFF826RCR/,/files/ENCFF044BTK/,/files/ENCFF958CDC/,/files/ENCFF356CGR/,/files/ENCFF583INI/,/files/ENCFF902TTV/,/files/ENCFF204TYO/,/files/ENCFF653RDM/,/files/ENCFF514HZA/,/files/ENCFF708ZJB/,/files/ENCFF390KQG/,/files/ENCFF626VCB/,/files/ENCFF562JPY/,/files/ENCFF160LXS/,/files/ENCFF257KBA/,/files/ENCFF921TCU/,/files/ENCFF558ZSG/,/files/ENCFF902DRO/,/files/ENCFF388JGC/,/files/ENCFF729BSF/,/files/ENCFF712JWK/,/files/ENCFF504QJV/,/files/ENCFF851NRU/,/files/ENCFF468LML/,/files/ENCFF550BDH/,/files/ENCFF279RET/,/files/ENCFF515NLM/,/files/ENCFF393VIU/,/files/ENCFF532RZM/,/files/ENCFF361MJT/,/files/ENCFF945UOV/,/files/ENCFF986NPM/,/files/ENCFF557RBI/,/files/ENCFF475XIZ/,/files/ENCFF795TRD/,/files/ENCFF510VMI/,/files/ENCFF477AAA/,/files/ENCFF965NBD/,/files/ENCFF740GEF/,/files/ENCFF745RMA/,/files/ENCFF373OUI/,/files/ENCFF425HSW/,/files/ENCFF771ILG/,/files/ENCFF945LKB/,/files/ENCFF285UPJ/,/files/ENCFF372UCQ/,/files/ENCFF630TCO/,/files/ENCFF892LPN/,/files/ENCFF567VGS/,/files/ENCFF015YBX/,/files/ENCFF192WNC/,/files/ENCFF413FBM/,/files/ENCFF940ZTM/,/files/ENCFF546CWI/,/files/ENCFF707PEE/,/files/ENCFF682HPI/,/files/ENCFF230OGW/,/files/ENCFF119AVL/,/files/ENCFF086TFB/,/files/ENCFF156APM/,/files/ENCFF947OCE/,/files/ENCFF440NWW/,/files/ENCFF106IIP/,/files/ENCFF060FFC/,/files/ENCFF620MUR/,/files/ENCFF347FXW/	ENCBS815LSY,ENCBS044WJW	1,2	1
/experiments/ENCSR667PLJ/	ENCSR667PLJ	NA	/files/ENCFF162LWE/,/files/ENCFF981SWJ/,/files/ENCFF087MDC/,/files/ENCFF122FYQ/,/files/ENCFF804JHE/,/files/ENCFF819ORB/,/files/ENCFF379XJZ/,/files/ENCFF598FRA/,/files/ENCFF229PIT/,/files/ENCFF323UDR/,/files/ENCFF437ZPD/,/files/ENCFF969UXI/,/files/ENCFF655LMR/,/files/ENCFF727PBZ/,/files/ENCFF678FMA/,/files/ENCFF766CFJ/,/files/ENCFF965KEL/,/files/ENCFF449FTQ/,/files/ENCFF322VBG/,/files/ENCFF972DZJ/,/files/ENCFF117XMT/,/files/ENCFF134AJK/,/files/ENCFF258BWI/,/files/ENCFF017JMT/,/files/ENCFF432XKQ/,/files/ENCFF374VOE/,/files/ENCFF140KPE/,/files/ENCFF966NPU/,/files/ENCFF015IHM/,/files/ENCFF459MUF/,/files/ENCFF911ABT/,/files/ENCFF234UJB/,/files/ENCFF260CEW/,/files/ENCFF159DUP/,/files/ENCFF645EBG/,/files/ENCFF119DIN/,/files/ENCFF464FLL/,/files/ENCFF978NUA/,/files/ENCFF267XFW/,/files/ENCFF870RDO/,/files/ENCFF214SQV/,/files/ENCFF125PXK/,/files/ENCFF901DXT/,/files/ENCFF017MAM/,/files/ENCFF660SQX/,/files/ENCFF151GVS/,/files/ENCFF614DYJ/,/files/ENCFF272UDH/,/files/ENCFF292FBD/,/files/ENCFF461VKW/,/files/ENCFF810TKP/,/files/ENCFF549AUI/,/files/ENCFF761SAC/,/files/ENCFF302RWW/,/files/ENCFF639OJN/,/files/ENCFF153RLI/,/files/ENCFF345GEG/,/files/ENCFF614DCM/,/files/ENCFF174PJH/,/files/ENCFF661FZP/,/files/ENCFF007KKL/,/files/ENCFF823ZIM/,/files/ENCFF439FIP/,/files/ENCFF702YIW/,/files/ENCFF711LIA/,/files/ENCFF305LMQ/	ENCBS895KNQ,ENCBS537KCG	1,2	1
/experiments/ENCSR419JMU/	ENCSR419JMU	NA	/files/ENCFF497HLJ/,/files/ENCFF447KSW/,/files/ENCFF264YZI/,/files/ENCFF209ZKI/,/files/ENCFF111AWS/,/files/ENCFF561NSL/,/files/ENCFF396PTN/,/files/ENCFF329OSU/,/files/ENCFF924FOL/,/files/ENCFF717TRR/,/files/ENCFF449GNI/,/files/ENCFF217MRI/,/files/ENCFF937IMO/,/files/ENCFF528PCX/,/files/ENCFF521EPR/,/files/ENCFF100RIE/,/files/ENCFF851BEX/,/files/ENCFF799QLJ/,/files/ENCFF820AZB/,/files/ENCFF413BEI/,/files/ENCFF389CVO/,/files/ENCFF680LXP/,/files/ENCFF056BGI/,/files/ENCFF862GEK/,/files/ENCFF689TGX/,/files/ENCFF508ICF/,/files/ENCFF486RUF/,/files/ENCFF210TKU/,/files/ENCFF036QQR/,/files/ENCFF098BUU/,/files/ENCFF830ZML/,/files/ENCFF704RLC/,/files/ENCFF022HJQ/,/files/ENCFF455GSC/,/files/ENCFF408CQG/,/files/ENCFF603MEO/,/files/ENCFF761XVZ/,/files/ENCFF797VWM/,/files/ENCFF598DPP/,/files/ENCFF661LLS/,/files/ENCFF158PAN/,/files/ENCFF177NZR/,/files/ENCFF145THJ/,/files/ENCFF687WMI/,/files/ENCFF039CSZ/,/files/ENCFF212WWN/,/files/ENCFF089LPZ/,/files/ENCFF619FHQ/,/files/ENCFF002UFF/,/files/ENCFF142MZD/,/files/ENCFF271OPL/,/files/ENCFF838SIL/,/files/ENCFF698JGB/,/files/ENCFF056RID/,/files/ENCFF504USJ/,/files/ENCFF373PQD/,/files/ENCFF391SDF/,/files/ENCFF607TLE/,/files/ENCFF681KMW/,/files/ENCFF495UWB/,/files/ENCFF373PLP/,/files/ENCFF280ZWW/,/files/ENCFF503VGY/,/files/ENCFF482QOL/,/files/ENCFF793QOY/,/files/ENCFF423EUU/	ENCBS895KNQ,ENCBS537KCG	1,2	1
/experiments/ENCSR032YMP/	ENCSR032YMP	NA	/files/ENCFF743EKS/,/files/ENCFF352SRA/,/files/ENCFF553PEN/,/files/ENCFF852RBO/,/files/ENCFF471AKF/,/files/ENCFF083EEO/,/files/ENCFF376MLP/,/files/ENCFF189KKN/,/files/ENCFF746YMW/,/files/ENCFF338UAG/,/files/ENCFF077YKA/,/files/ENCFF416QWT/,/files/ENCFF148ZYD/,/files/ENCFF274DZP/,/files/ENCFF985DZL/,/files/ENCFF128JCQ/,/files/ENCFF648QDI/,/files/ENCFF767SWJ/,/files/ENCFF179SPA/,/files/ENCFF981ARO/,/files/ENCFF693IMA/,/files/ENCFF438BWE/,/files/ENCFF970NJD/,/files/ENCFF137EBA/,/files/ENCFF808WAQ/,/files/ENCFF278MBY/,/files/ENCFF398CQF/,/files/ENCFF181IAL/,/files/ENCFF994JIN/,/files/ENCFF597HWY/,/files/ENCFF637EQR/,/files/ENCFF290TMG/,/files/ENCFF388SXO/,/files/ENCFF431LPC/,/files/ENCFF253FMN/,/files/ENCFF954DKV/,/files/ENCFF181IXI/,/files/ENCFF021LTV/,/files/ENCFF452SDP/,/files/ENCFF808DUP/,/files/ENCFF608LBG/,/files/ENCFF893TIP/,/files/ENCFF602ISW/,/files/ENCFF847LLP/,/files/ENCFF182GVB/,/files/ENCFF485VBQ/,/files/ENCFF228OQQ/,/files/ENCFF424SES/,/files/ENCFF223SOU/,/files/ENCFF010THW/,/files/ENCFF109UAW/,/files/ENCFF015XAG/,/files/ENCFF827AVO/,/files/ENCFF342EIR/,/files/ENCFF289XFQ/,/files/ENCFF621QFW/,/files/ENCFF662OBG/,/files/ENCFF376UYJ/,/files/ENCFF837YWN/,/files/ENCFF360FDH/,/files/ENCFF678TOW/,/files/ENCFF951HPS/,/files/ENCFF807WEV/,/files/ENCFF684ZSQ/,/files/ENCFF809LLU/,/files/ENCFF995SEV/	ENCBS854WQM,ENCBS975JQF	2,1	1
/experiments/ENCSR129RWD/	ENCSR129RWD	NA	/files/ENCFF569YVH/,/files/ENCFF891EGO/,/files/ENCFF726LTF/,/files/ENCFF667EXM/,/files/ENCFF970PYT/,/files/ENCFF019XTR/,/files/ENCFF995JOX/,/files/ENCFF637GBJ/,/files/ENCFF707DLO/,/files/ENCFF129UJN/,/files/ENCFF528JLZ/,/files/ENCFF016XOH/,/files/ENCFF848BXW/,/files/ENCFF386QKE/,/files/ENCFF423RMB/,/files/ENCFF991LXI/,/files/ENCFF314GDO/,/files/ENCFF504RAI/,/files/ENCFF100AMW/,/files/ENCFF656MMS/,/files/ENCFF217TGJ/,/files/ENCFF456LNW/,/files/ENCFF203JBC/,/files/ENCFF722UMW/,/files/ENCFF250NQT/,/files/ENCFF661LZQ/,/files/ENCFF072REC/,/files/ENCFF393LVH/,/files/ENCFF932PVV/,/files/ENCFF627DII/,/files/ENCFF221SEI/,/files/ENCFF473DTC/,/files/ENCFF405YAI/,/files/ENCFF442PAK/,/files/ENCFF080HUH/,/files/ENCFF639VUF/,/files/ENCFF717QPG/,/files/ENCFF362API/,/files/ENCFF170EPB/,/files/ENCFF391TSH/,/files/ENCFF884PTA/,/files/ENCFF334ZJS/,/files/ENCFF515HRO/,/files/ENCFF390XCU/,/files/ENCFF202MFA/,/files/ENCFF726OCF/,/files/ENCFF233LHK/,/files/ENCFF992OPV/,/files/ENCFF305ENF/,/files/ENCFF883JTK/,/files/ENCFF396YDD/,/files/ENCFF826HJX/,/files/ENCFF514KUX/,/files/ENCFF867NHV/,/files/ENCFF297ZOE/,/files/ENCFF330WHZ/,/files/ENCFF927OUW/,/files/ENCFF138LSW/,/files/ENCFF071GCX/,/files/ENCFF464VII/,/files/ENCFF881HFP/,/files/ENCFF471QGG/,/files/ENCFF223LJT/,/files/ENCFF143CKD/,/files/ENCFF089HPB/,/files/ENCFF338VEF/	ENCBS280PHL,ENCBS460WQH	2,1	1
/experiments/ENCSR143COQ/	ENCSR143COQ	NA	/files/ENCFF496RXN/,/files/ENCFF160WAF/,/files/ENCFF865MIT/,/files/ENCFF682YLE/,/files/ENCFF848JJM/,/files/ENCFF695KEA/,/files/ENCFF525FUJ/,/files/ENCFF771GYM/,/files/ENCFF071FXB/,/files/ENCFF723KYL/,/files/ENCFF178EMZ/,/files/ENCFF980IUV/,/files/ENCFF034YPU/,/files/ENCFF841CGU/,/files/ENCFF917YWX/,/files/ENCFF923MPF/,/files/ENCFF902JOA/,/files/ENCFF474DQR/,/files/ENCFF138YKP/,/files/ENCFF851RMM/,/files/ENCFF156YYO/,/files/ENCFF527WYJ/,/files/ENCFF366VXK/,/files/ENCFF828TWZ/,/files/ENCFF095ZAS/,/files/ENCFF700BBE/,/files/ENCFF782JJL/,/files/ENCFF355RHO/,/files/ENCFF797DTM/,/files/ENCFF204WYA/,/files/ENCFF986CGX/,/files/ENCFF817CZT/,/files/ENCFF349VCZ/,/files/ENCFF364AXQ/,/files/ENCFF141CHY/,/files/ENCFF250QPR/,/files/ENCFF535XBX/,/files/ENCFF681TDS/,/files/ENCFF435GKQ/,/files/ENCFF084ZDR/,/files/ENCFF586FDO/,/files/ENCFF993BBX/,/files/ENCFF671TGF/,/files/ENCFF661XWL/,/files/ENCFF633BSJ/,/files/ENCFF962JXV/,/files/ENCFF559FOI/,/files/ENCFF795RPS/,/files/ENCFF239RNR/,/files/ENCFF994EXO/,/files/ENCFF221UUT/,/files/ENCFF886UNR/,/files/ENCFF713YLH/,/files/ENCFF538NBM/,/files/ENCFF736PRG/,/files/ENCFF382RKZ/,/files/ENCFF491PUJ/,/files/ENCFF510BDY/,/files/ENCFF908NQP/,/files/ENCFF064NWU/,/files/ENCFF049GSC/,/files/ENCFF400RTX/,/files/ENCFF276CCM/,/files/ENCFF623URV/,/files/ENCFF337JKK/,/files/ENCFF415PUS/	ENCBS619KUS,ENCBS061XBB	2,1	1
